{
	"class_name" : "PinholeCameraParameters",
	"extrinsic" : 
	[
		1.0, 0.0, 0.0, 0.0,
		0.0, 1.0, 0.0, 0.0,
		0.0, 0.0, 1.0, 0.0,
		0.0, 0.0, 0.0, 1.0
	],
	"intrinsic" : 
	{
		"height" : 1440,
		"intrinsic_matrix" : 
		[
			1.594272827148437500e+03,
			0.0,
			0.0,
			0.0,
			1.594272827148437500e+03,
			0.0,
			9.560785522460937500e+02,
			7.239266357421875000e+02,
			1.0
		],
		"width" : 1920
	},
	"version_major" : 1,
	"version_minor" : 0
}