{"alarm clock": [0.8804491730609818, 0.41542515986980266, 0.7022357507273082], "armchair": [0.2292731516260531, 0.1038472585749679, 0.8949563288661542], "backpack": [0.5583217323188046, 0.8681099257753304, 0.8006310640272492], "bag": [0.933095732126086, 0.6010279897584893, 0.4204900658984536], "ball": [0.26726710703160317, 0.21412598133451077, 0.15464473412577173], "bar": [0.48982941557645565, 0.9115993761121679, 0.6855317842249408], "basket": [0.20711878885422874, 0.7099473270499511, 0.9484309837223749], "bathroom cabinet": [0.9689298227421602, 0.8047521253665919, 0.45978416389974297], "bathroom counter": [0.08436366810778118, 0.6275409227113395, 0.7355984363234055], "bathroom stall": [0.3594105136191734, 0.1355384886260993, 0.18968182824578217], "bathroom stall door": [0.931247228151031, 0.6264428240987779, 0.2749002041726333], "bathroom vanity": [0.5681382668884267, 0.19957259348710987, 0.42060671262695093], "bathtub": [0.21350431988185914, 0.04882528298312183, 0.13840414689582736], "bed": [0.8811387257553347, 0.9489454233263996, 0.6272089764460901], "bench": [0.35945960259743537, 0.8873160554317954, 0.6538752793360015], "bicycle": [0.25095340617474493, 0.6970848380281374, 0.3352865742613371], "bin": [0.8688203227152781, 0.6103014106465388, 0.9731315069903461], "blackboard": [0.7525086230608601, 0.5117788540287338, 0.35373420347609486], "blanket": [0.04395161163307293, 0.24415185499361802, 0.3593195268584146], "blinds": [0.344125709144789, 0.010397745730456376, 0.12353836607951041], "board": [0.9373308424519762, 0.006476876440205781, 0.6026871846932794], "book": [0.46903572435150165, 0.20174958876779014, 0.4313106990780792], "bookshelf": [0.021007316275841514, 0.5635741428700044, 0.7268992693284757], "bottle": [0.19895741664912459, 0.08258549782102831, 0.6602313765824852], "bowl": [0.26198716652503007, 0.9388425140083676, 0.10805065241490452], "box": [0.2698228532751761, 0.5729801637333025, 0.37899419834040027], "broom": [0.8085012117394524, 0.7032679222986798, 0.3573475368473241], "bucket": [0.5848516681742377, 0.8273761784066308, 0.26370188155846086], "bulletin board": [0.5903651823196528, 0.5641416326407823, 0.32602321829028535], "cabinet": [0.2323151562723823, 0.7589571925829893, 0.32187573429249716], "calendar": [0.5693987859625702, 0.15165093136162733, 0.9275679145962237], "candle": [0.8859705060474466, 0.11629493591056206, 0.7083152995796494], "cart": [0.45241942770727106, 0.84246152452347, 0.8780088838027009], "case of water bottles": [0.45002417360038793, 0.1510413016761798, 0.726857957085442], "cd case": [0.9142452186468895, 0.04858175720049296, 0.14920087442328767], "ceiling": [0.2582860193791052, 0.41227102661119397, 0.790710170966399], "ceiling light": [0.41914820085323, 0.9586661919504058, 0.7741894027498836], "chair": [0.8651561902319538, 0.1809627338783799, 0.35602453405516465], "clock": [0.5386828142840483, 0.5152384403166057, 0.16557879549076393], "closet": [0.28781575056875075, 0.6828621229585994, 0.07224123671787497], "closet door": [0.38311134970992966, 0.5566425615511421, 0.905872443388419], "closet rod": [0.8969821206042893, 0.530503053370915, 0.6015277124355076], "closet wall": [0.017042020113877787, 0.43539375265121494, 0.7790211750089538], "clothes": [0.35149142455838245, 0.27514985356286425, 0.7998925460273458], "clothes dryer": [0.7553576338678284, 0.9873179566866878, 0.20445312257585546], "coat rack": [0.7986793463039553, 0.6855043976314766, 0.9936768627640956], "coffee kettle": [0.8336841427516997, 0.36385609255144247, 0.12099707436898277], "coffee maker": [0.12955454885334594, 0.3144276819536298, 0.22128720572267846], "coffee table": [0.5219227651001485, 0.7157611096641926, 0.725439549893891], "column": [0.19103102483921663, 0.6000543473181946, 0.8976083526390564], "computer tower": [0.639397243692699, 0.5932667823048587, 0.6412341043082609], "container": [0.7985174101027198, 0.1637475416170039, 0.8279541663214365], "copier": [0.04322646889653903, 0.90404104520997, 0.387024210588799], "couch": [0.45988437020135864, 0.919940794109315, 0.7820858474814419], "counter": [0.5071743000752681, 0.564918273611083, 0.05156239763913517], "crate": [0.7348927018343414, 0.7649171594307133, 0.6594276289161347], "cup": [0.0887403153694134, 0.9185656875043781, 0.3582341930654577], "curtain": [0.627531644324366, 0.7678223257397447, 0.6828117802725867], "cushion": [0.67786636132735, 0.9536763677010209, 0.4337539033349581], "decoration": [0.748010719280244, 0.6765029721197504, 0.20507577032934143], "desk": [0.5406835321268483, 0.13479057626707014, 0.1804472914291415], "dining table": [0.8778608457572954, 0.3596506773458856, 0.2382072847456077], "dish rack": [0.9365911405453218, 0.3493116559534871, 0.6595058900320135], "dishwasher": [0.8470402511711306, 0.029587217288868706, 0.5320084745404181], "divider": [0.06221654334055582, 0.9219662632473633, 0.43025067015861906], "door": [0.5155288975155234, 0.912458184017638, 0.7724739097735646], "doorframe": [0.15663823594557202, 0.27944968038538576, 0.4627243817004313], "dresser": [0.9948863671065196, 0.8964829423178741, 0.3927403185083268], "dumbbell": [0.8961388803581966, 0.7815445813444848, 0.11363042403870527], "dustpan": [0.9699686441595244, 0.7382420515625154, 0.31430162723838995], "end table": [0.24455601492031842, 0.8760694444079026, 0.24943624378586837], "fan": [0.8761310749648807, 0.7246417535052129, 0.5009144684237515], "file cabinet": [0.1780629268860261, 0.040349248123149106, 0.4216857794130541], "fire alarm": [0.03534857603309427, 0.7439812320493232, 0.5031617637061713], "fire extinguisher": [0.36668060566089555, 0.06185373893313251, 0.8508731145335473], "fireplace": [0.007906461503484286, 0.6471598502962547, 0.7280806147789963], "floor": [0.929627076217139, 0.04114650756504212, 0.7278877434055009], "folded chair": [0.6296537272412551, 0.5571694250083778, 0.6675166779519346], "furniture": [0.9781644671379757, 0.5070110045413122, 0.11019957889216492], "guitar": [0.9623687830733413, 0.5290870666902557, 0.46450874653696417], "guitar case": [0.023420503324420583, 0.776676147331153, 0.2664039844651812], "hair dryer": [0.4937990176879171, 0.5545987531255634, 0.14347883767633807], "handicap bar": [0.9836754754017099, 0.06263558998376495, 0.7365774802444991], "hat": [0.2941228852526351, 0.34123610690200246, 0.6165552345446874], "headphones": [0.486894145975742, 0.310386305831042, 0.27802735054318495], "ironing board": [0.18737399358467, 0.17098599707608875, 0.2439421498499914], "jacket": [0.6341396532712128, 0.2874340387717762, 0.7489943115253099], "keyboard": [0.11262003832488154, 0.20137941394729986, 0.0558320700496272], "keyboard piano": [0.621425922176356, 0.41969094585892996, 0.41879916063583233], "kitchen cabinet": [0.5855046592508597, 0.41820602132158624, 0.204255729198626], "kitchen counter": [0.5464193703972604, 0.47936293194192015, 0.3149200789575143], "ladder": [0.5899648116944011, 0.4470266423393834, 0.631488140934397], "lamp": [0.8216598690633625, 0.7566334792327416, 0.5479045765138773], "laptop": [0.9635262902776284, 0.28537148854965444, 0.3239970308911069], "laundry basket": [0.5571492434528202, 0.10060390927876917, 0.10261069709196702], "laundry detergent": [0.1551639107454048, 0.7907139268328908, 0.08609506889196628], "laundry hamper": [0.6132375364754299, 0.3273892127100264, 0.4814395891486283], "ledge": [0.7383316220637784, 0.1490263877776562, 0.2883782080043029], "light": [0.24071283681994826, 0.9821482273191278, 0.8209422636669276], "light switch": [0.37679487380639776, 0.18718157390310497, 0.3083165776362171], "luggage": [0.9870516205519888, 0.035340561832260864, 0.9358355670742476], "machine": [0.30504489909680266, 0.6606895609753357, 0.8212416276864989], "mailbox": [0.9915985105733491, 0.22903203565459518, 0.2721860057018859], "mat": [0.13977820255423834, 0.2692147245500037, 0.20367927449326728], "mattress": [0.44047556139080535, 0.5198420638888354, 0.15504421930238355], "microwave": [0.25226523502415976, 0.6523100664374298, 0.8281277116184286],